total,pospercent,BTC_change,VXX_change,XAU_change,change
18,0.6666666666666666,68.5,0.0,0.0,0.18280016618196757
8,0.5,62.0,0.0,0.0,-0.13192612137204374
20,0.7,-78.75,0.0,-0.07150000000001455,0.0719424460431753
14,0.8571428571428571,-109.0,0.0,0.0,-0.662477803578749
10,0.8,-109.25,0.21499999999999986,7.160499999999956,-0.8807865628840579
16,0.875,57.0,0.0,0.0,-0.32841779895679724
4,0.5,-75.5,0.0,0.0,0.5815009994548326
48,0.8333333333333334,-42.25,0.0,0.0,1.0293556995806326
10,1.0,-103.0,0.0,-0.591499999999769,0.2237887434262059
12,0.6666666666666666,12.0,0.0,0.0,0.1972386587771137
10,0.9,7.0,0.0,0.0,-0.22285896211398018
2,1.0,-179.25,0.0,-0.6175000000000637,-0.704624095627562
4,1.0,-61.0,0.0,0.0,-0.05667098445595231
18,1.0,125.75,0.0,0.0,-0.701647345942652
4,1.0,-73.25,0.0,0.0,0.05833171300797997
20,0.5,173.5,0.0,0.0,0.5771119842829122
38,0.8421052631578947,500.75,0.0,2.173999999999978,-0.8925592258925537
4,0.75,1.5,0.3125,0.1362500000000182,-0.2412383568987352
2,1.0,-29.75,0.0,-0.33425000000011096,-0.4764489475906302
11,0.8181818181818182,1388.0,-0.41499999999999915,-4.479999999999791,0.19929283188685973
20,0.7,-227.25,0.0,-1.5839999999998327,0.024666995559938083
10,0.4,-491.75,0.0,-2.4282499999999345,-1.2281160177684967
2,1.0,56.75,0.0,-1.3585000000000491,-0.011188185276359366
5,0.6,-498.25,0.0,0.0,-0.032135741371549904
4,0.5,-90.75,0.0,-0.13149999999995998,-1.0377226195484606
10,0.9,-122.0,0.03999999999999915,1.6100000000001273,0.34120734908135636
14,0.5714285714285714,94.25,0.0,0.8029999999998836,-1.5793918918918868
10,0.8,-80.75,0.3000000000000007,-1.2010000000000218,0.06337581860431665
20,0.6,332.5,-0.28999999999999915,3.373249999999871,-0.6329540098309928
10,0.6,88.0,0.0,-0.12950000000000728,-0.502152080344321
10,0.6,132.75,0.0,0.0,-0.09686312495342053
22,0.6363636363636364,115.5,0.0,0.0,-0.09751340809360214
24,0.4166666666666667,-226.0,0.0,0.0,0.03888024883358825
30,0.8,248.25,0.0,0.0,-0.12198253723677535
40,0.65,-290.25,-0.34750000000000014,2.093499999999949,0.20740003318400088
16,0.75,-126.0,0.0,0.0,-0.5812653699977666
14,1.0,-87.0,0.0,-0.11999999999989086,-2.4025206774320575
12,0.6666666666666666,-304.25,0.0,0.0,-0.21462105969148837
12,0.6666666666666666,14.25,0.0,0.7889999999999873,0.13421960884571077
2,1.0,-50.5,0.0,0.33674999999993815,-1.450747953711547
12,0.5,27.25,0.0,2.505000000000109,-0.12306934957848759
8,0.625,-98.5,0.0,0.0,-1.7559920106524733
6,0.6666666666666666,-213.25,0.0,1.6085000000000491,0.9311348205625586
5,1.0,-446.5,0.177500000000002,0.08999999999991815,0.06727664155006136
4,1.0,-52.25,0.0,-2.4400000000000546,-0.4101722723543983
10,1.0,-42.75,0.0,0.0,-0.6151142355008861
18,0.1111111111111111,-78.75,0.0,0.0,1.2097461237008
18,1.0,463.25,0.0,-0.035499999999956344,-1.0156056477582527
4,1.0,59.0,0.0,0.2495000000001255,0.12178522816819347
20,0.8,140.5,0.004999999999999005,1.1259999999999764,0.377800937988523
22,0.6363636363636364,304.75,0.0,0.0,0.04863813229572991
14,0.5714285714285714,-7.75,0.0,-2.8740000000000236,-0.8050424363454625
3,0.6666666666666666,72.5,0.0,0.0,0.45700041545492814
14,0.7142857142857143,20.5,0.0,0.0,-0.1298490504788401
4,0.0,17.0,0.0,-0.4624999999998636,0.20588969303718996
4,1.0,-713.0,0.0,0.0,0.07775545908120987
6,0.3333333333333333,-303.25,0.0,0.029999999999972715,0.1131221719456889
6,1.0,66.5,0.0,2.1914999999999054,0.38216560509553704
6,1.0,-178.75,0.5425000000000004,-1.9954999999999927,-0.30978557978497867
10,0.8,284.0,0.0,-0.2367500000000291,-2.0021989468202053
28,0.7857142857142857,59.0,0.0,-0.14750000000003638,-0.05718487051710832
18,0.5555555555555556,109.0,0.0,-1.6472499999999854,0.7293616471955133
14,0.5714285714285714,480.5,0.0,-0.12400000000002365,-1.120782162871119
14,0.8571428571428571,82.75,0.0,1.4500000000000455,-0.5711926226687906
8,0.5,29.25,0.0,0.19699999999988904,-0.007198905766322726
16,0.875,410.75,-0.4125000000000014,2.954250000000002,-0.09796878061524766
22,0.5454545454545454,-17.25,0.0,-0.7742500000001655,-1.7448714925725108
6,0.5,334.0,-0.134999999999998,5.610500000000002,-0.32979824107604
18,0.8888888888888888,27.75,0.14000000000000057,-0.21325000000001637,-0.3725782414306962
10,0.8,-294.25,0.0,0.0,-0.382116927779901
8,1.0,126.75,0.22500000000000142,2.9707499999999527,-0.5345891936612972
2,0.5,357.5,0.0,-1.9832499999999982,0.40584415584414113
20,0.9,101.75,-0.2700000000000031,1.6679999999998927,-0.2813731007315569
6,0.5,-238.25,0.0,2.812750000000051,0.2552690142688698
10,0.8,-45.25,0.0,0.0,-0.33082706766916986
8,0.5,162.5,0.0,-6.760250000000042,-0.15152513340799584
16,0.75,-123.0,0.0,1.344000000000051,-0.22442872687706084
28,0.7142857142857143,-235.5,0.6649999999999991,-0.14599999999995816,0.5347593582887832
3,0.6666666666666666,43.5,0.0,-1.552500000000009,0.25162230168189814
8,1.0,-11.5,0.0,0.0,0.11361791916897158
62,0.6774193548387096,-254.5,0.0,0.0,-0.3414356556377515
9,0.7777777777777778,90.25,-0.41499999999999915,-0.6287500000000819,0.5194162750432825
6,0.6666666666666666,142.5,0.0,-0.9615000000001146,-0.6947697111631639
16,0.875,64.5,0.0,0.0,0.5106589932722861
6,1.0,-274.75,0.0,-0.5750000000000455,0.4568422509863597
63,0.746031746031746,-37.0,0.0,0.0,-0.6126068031597655
2,1.0,68.25,0.0,-1.3830000000000382,-0.7737216009003391
2,1.0,54.0,0.0,0.6042500000000928,-0.2918820310124741
48,0.625,-209.25,0.0,-0.58400000000006,0.06370441153050917
5,0.0,-381.25,0.0,-2.043250000000171,-0.3032345013477204
5,0.8,-211.25,0.0,0.0,-1.042571676802762
14,0.5714285714285714,88.25,0.0,-0.5960000000000036,0.07427581084427853
16,0.875,-103.75,0.0,0.6050000000000182,0.43275904303095314
8,0.75,199.25,0.0,0.0,1.1048712000976548
12,0.6666666666666666,567.0,0.0,-0.5887499999998909,0.03243804333723673
14,0.5714285714285714,-16.5,0.07749999999999702,5.412499999999909,0.10041841004184852
4,0.5,204.75,0.0,-1.0337500000000546,0.3785952421314432
14,0.5714285714285714,181.0,-0.14499999999999602,-2.839999999999918,-0.06493928177153646
10,1.0,-32.25,0.0,-1.059500000000071,-1.1485826001955037
50,0.8,475.0,0.0,0.0,-0.3149721652505106
3,0.6666666666666666,381.25,0.0,-7.192499999999882,0.5173204112369864
2,1.0,-224.5,0.0,-0.6100000000001273,0.8799760550733274
9,1.0,201.75,-0.5199999999999996,-2.3567500000001473,0.032679738562087904
20,0.8,172.75,0.0,0.5050000000001091,-0.1541554959785502
3,0.6666666666666666,-356.25,0.0,0.6324999999999363,-0.06644027757272426
7,1.0,-27.0,0.0,0.0,0.2373925317592735
8,0.25,-5.75,-0.40500000000000114,-3.3574999999998454,0.21085925144964876
8,0.75,371.25,-0.557500000000001,1.453499999999849,-0.39835828102366977
4,0.75,-13.25,0.0,-0.1974999999999909,0.08679396448122959
24,0.5833333333333334,257.5,2.1999999999999993,-2.2000000000000455,0.3530672719248362
2,1.0,-66.75,-0.3724999999999987,-1.0650000000000546,-0.8311189008876539
13,0.7692307692307693,-99.75,0.0,0.0,-0.15427138908529653
8,1.0,516.25,-0.4775000000000027,0.1775000000000091,0.1847604485219102
22,0.6363636363636364,-205.75,0.0,2.9465000000000146,-0.3859384176524824
2,1.0,-31.0,0.0,-1.6190000000001419,0.2863464792398776
8,0.75,143.5,0.0,1.0832500000001346,0.6440927493559181
16,0.5,66.25,-0.129999999999999,2.223499999999831,0.5895729807125509
26,0.46153846153846156,-95.0,0.0,-1.3449999999998,-0.025551486244799332
22,0.6363636363636364,-86.0,-0.14250000000000185,0.2540000000001328,0.9294147199196087
38,0.5789473684210527,36.25,0.0,0.0,-0.11950108297856792
8,0.75,-71.25,0.0,0.30600000000004,-0.4868549172346568
20,0.4,-176.5,0.0,0.17849999999998545,-0.21342512908778674
10,0.8,0.5,0.0,0.0,1.1398775237979568
10,0.6,-43.75,0.0,1.490000000000009,-0.10105092966855679
12,1.0,-122.25,0.0,0.0,0.032722513089001634
6,0.3333333333333333,449.5,-0.7100000000000009,2.9335000000000946,-1.0806555499892572
8,0.25,-163.75,0.0,0.0,0.7216427212490913
26,0.6153846153846154,-645.25,0.1700000000000017,1.856499999999869,0.3539375553027461
5,1.0,2.5,0.0,0.0,0.8369900861368419
4,0.25,-21.5,0.0,0.0,1.3340218607453176
7,0.5714285714285714,174.5,0.0,-4.165000000000191,-0.15502874491311658
12,1.0,81.0,-0.2525000000000013,0.9414999999999054,0.4672897196261686
22,0.8181818181818182,-50.5,0.0,0.0,0.19882033269268284
18,0.7777777777777778,-41.5,0.21250000000000213,0.24149999999985994,0.1522255373561436
17,0.7647058823529411,-164.75,0.0,0.0,-0.0965685958926051
2,1.0,-91.5,0.0,-0.5450000000000728,-1.339095933116049
7,0.5714285714285714,-1005.0,0.0,7.884999999999991,-0.4723571286008838
18,0.7777777777777778,61.0,0.0,-0.5299999999999727,0.6715309614515378
26,0.6923076923076923,123.25,0.0,-3.261500000000069,-0.41923551171392376
12,0.8333333333333334,35.0,0.0,-1.3315000000000055,-0.01677946193858532
16,0.75,197.0,0.21000000000000085,-0.20899999999983265,-0.28274668205424847
36,0.9444444444444444,92.25,-0.03500000000000014,2.855000000000018,0.2886002886002746
2,1.0,73.5,0.0,-0.7509999999999764,-1.0983331179738922
5,0.6,94.75,0.0,-2.771250000000009,0.15742128935532163
10,0.4,-22.25,0.0,0.0,-0.18313776029301532
14,0.5714285714285714,47.0,0.0,0.0,-0.1881650661821894
8,0.75,-56.0,0.0,0.0,0.19660850331778323
6,0.6666666666666666,-12.75,0.0,-0.13599999999996726,-0.24416517055655795
12,0.8333333333333334,101.0,0.0,-0.3914999999999509,-0.11496140581374986
6,0.6666666666666666,-129.0,0.0,1.0927500000000236,0.27710426047799996
10,1.0,-123.0,0.0,0.0,1.0030612909529135
4,0.5,-152.0,0.0,1.4519999999999982,1.2571204085641399
18,0.7777777777777778,-126.0,0.0,0.0,-0.4071661237784985
26,0.8461538461538461,255.25,-0.822499999999998,1.3880000000001473,-0.3878317779662913
4,1.0,2.5,0.0,0.0,-0.06021375884390591
18,0.7777777777777778,301.5,-0.17999999999999972,0.08750000000009095,-0.3721089993130267
12,1.0,-48.75,0.2925000000000004,0.4600000000000364,0.08956059333893343
10,0.8,-80.5,0.0,0.0,0.6634405245082697
4,0.5,-142.5,0.0,0.6875,-0.1994888099245602
26,0.6153846153846154,-110.75,0.0,-0.44499999999993634,1.0829558323895876
10,0.6,-165.0,0.0,0.0,0.49473904257543777
2,1.0,55.0,-0.08250000000000313,-1.2440000000001419,-0.4264516882813462
14,0.8571428571428571,-126.0,0.0,-0.1682499999999436,1.2458236593238585
2,1.0,57.5,0.0,0.0,-0.37896731406914985
10,0.6,-52.5,0.0,0.7362499999999272,-0.04444162275410596
6,0.6666666666666666,185.25,0.0,-2.2649999999998727,0.1202212070209186
28,0.8214285714285714,87.5,0.0,0.0,-1.8906035388219977
36,0.5555555555555556,646.25,-0.245000000000001,2.611499999999978,0.06447453255963184
18,0.5555555555555556,233.75,-1.2074999999999996,-5.44399999999996,0.24125452352231627
11,0.8181818181818182,283.75,0.33999999999999986,-4.493749999999864,0.35766749696620215
20,0.9,229.5,0.0,0.0,1.6017195950631065
2,0.0,123.25,0.0,0.0,0.10929664395011153
4,1.0,98.0,0.0,0.0,0.09632055480638507
11,0.5454545454545454,-10.25,0.0,0.0,-0.07019783024887549
2,0.0,-90.0,0.0,0.7217499999999291,-0.711887949994211
2,0.0,-189.25,0.0,0.0,-0.06793016778752203
8,0.75,-29.0,0.0,-0.9169999999999163,0.6369426751592276
10,0.7,154.75,-0.23000000000000043,1.2337499999998727,0.006488029585399788
10,0.6,81.5,-0.23499999999999943,1.0475000000001273,-0.4935010773614989
12,0.8333333333333334,156.0,0.0,-0.837500000000091,-0.08434985725409284
44,0.8181818181818182,34.75,0.0,0.20575000000008004,0.3820827574993843
4,0.5,29.5,0.0,-0.4674999999999727,-0.49355864145892725
12,0.5,181.0,0.0,-1.0464999999999236,0.5418719211822688
2,1.0,-59.75,0.0,1.8399999999999181,-0.4892205638474309
6,0.8333333333333334,-138.0,0.15499999999999758,1.399499999999989,-0.09820770930518781
6,0.6666666666666666,540.0,-0.42249999999999943,4.657249999999976,-0.1890482398956912
22,0.8181818181818182,-73.75,0.0,0.24424999999996544,-0.20833333333335002
8,1.0,320.75,0.0,-0.4694999999999254,-0.2924175450526861
62,0.4838709677419355,-110.75,0.0,0.0,-1.00505689001263
6,1.0,49.5,0.0,1.397499999999809,-0.8666480290746412
12,0.8333333333333334,-68.25,-0.5650000000000013,0.9445000000000618,0.012166930283488135
4,1.0,29.5,0.0,0.4892500000000837,1.6966759002770213
14,0.7142857142857143,122.0,0.0,-4.826250000000073,-0.04098024752070871
10,0.6,-63.75,-0.14750000000000085,1.825749999999971,-0.4452506596306127
4,0.5,148.25,0.0,1.04099999999994,0.6485084306096129
6,1.0,98.75,0.0,0.0,-0.45161290322582825
20,0.7,-132.25,0.0,0.0,-0.8030726256983132
6,1.0,35.0,0.0,-1.072499999999991,1.0881593507930682
30,0.8,118.75,0.5399999999999991,2.8530000000000655,0.6578947368421038
44,0.7727272727272727,-346.5,0.0,0.0,-0.1459298267876384
36,0.5555555555555556,531.75,-0.495000000000001,1.2492500000000746,-0.7055378061767801
14,0.42857142857142855,-173.0,0.19000000000000128,-0.25250000000005457,-0.6362494767685266
22,0.6363636363636364,-83.5,0.0,-0.5382500000000618,-0.07491260196438512
32,0.8125,-20.75,0.0,0.0,0.13764067686827258
8,0.75,0.5,0.0,-1.3540000000000418,0.12402673465169323
22,0.9090909090909091,-165.75,0.0,0.0,-0.11423908608731684
104,0.7307692307692307,51.75,0.0,0.0,-0.22573363431150548
6,0.6666666666666666,-20.75,0.0,0.4034999999998945,-1.0147001430987275
7,0.8571428571428571,-81.0,0.0,0.0,-0.33580884727155913
12,0.8333333333333334,-94.25,0.0,0.7042500000000018,-0.5726922204581537
8,0.5,166.75,0.0,2.724999999999909,0.9383193045398135
4,1.0,15.5,0.0,0.0,-0.26243359149972567
10,0.6,-199.0,0.06499999999999773,-0.10249999999996362,-0.8430232558139414
10,0.8,449.75,0.39250000000000185,1.9700000000000273,-0.15919158361018612
5,0.6,-28.5,0.0,-0.5552499999998872,-0.07868852459015527
10,1.0,-328.5,0.019999999999999574,-0.3875000000000455,2.2624434389140258
71,0.7183098591549296,48.75,0.0,0.0,-0.4413770965411956
26,1.0,32.75,0.0,-0.6124999999999545,-0.5532053368044225
6,1.0,-23.0,0.0,-1.1434999999999036,-1.0324716267339304
34,0.7647058823529411,-152.75,0.40000000000000213,2.025000000000091,0.32495296733367757
20,0.5,-188.5,0.0,-0.4907499999999345,1.3446730260889477
10,0.7,-240.0,0.34999999999999787,-0.6062500000000455,-0.2622025010084871
212,0.8490566037735849,9.0,0.0,-1.48174999999992,0.12477125270338188
50,0.76,290.5,0.0,0.0,0.08862442235868
20,0.7,34.75,-0.4800000000000004,0.8000000000001819,0.13526308670362366
96,0.8541666666666666,88.0,0.0,-0.1510000000000673,0.09150653023873877
3,1.0,74.0,0.0,-0.7124999999998636,-0.09460737937558088
14,0.42857142857142855,6.75,0.07250000000000156,1.9349999999999454,-0.5277888844462166
12,0.6666666666666666,97.25,-0.19250000000000256,1.1984999999999673,0.11119605254015345
22,0.7272727272727273,-457.25,0.1075000000000017,0.24099999999998545,0.10361352156456714
4,0.5,-89.75,0.0,1.8100000000001728,-1.0223589061591056
28,0.6785714285714286,62.0,0.0,3.9650000000001455,1.4738910724312277
2,1.0,-413.25,0.0,-3.9372500000001764,0.21623082640718086
12,0.6666666666666666,-159.0,0.0,1.5,-0.10832430630781426
12,0.6666666666666666,-80.25,1.3450000000000024,-5.293249999999944,-0.5172013017201377
36,0.7777777777777778,50.0,0.0,0.0,-0.23099850968704191
10,0.8,20.5,0.0,0.12000000000011823,1.7540928833945797
5,1.0,-172.25,0.0,-2.625,0.5217965653896973
10,0.6,10.25,-0.13000000000000256,0.8039999999998599,-0.3424657534246585
26,0.9230769230769231,246.75,0.0,0.0,-0.0069449267310376425
10,1.0,-156.75,0.0,0.8210000000001401,-0.3589948145193241
6,0.3333333333333333,30.75,0.0,-1.0009999999999764,0.27108003994863933
16,0.5,14.0,0.029999999999997584,3.0417499999998654,0.1697792869269762
6,0.6666666666666666,-166.5,-0.4574999999999996,4.941250000000082,-0.08887065901012296
18,0.5555555555555556,-81.0,-0.10500000000000043,1.1887500000000273,0.2871379106494443
18,1.0,-200.25,0.3400000000000034,-0.5715000000000146,-0.5275719130762444
4,1.0,4.25,0.0,0.0,0.17829645838398409
10,1.0,-90.0,0.129999999999999,-1.7250000000001364,-0.08448494357611767
10,0.8,119.75,0.0,-2.545749999999998,0.09112447603426625
17,0.5294117647058824,-409.0,0.0,0.0,1.2866993673135714
18,0.5555555555555556,67.5,0.0,-0.3357499999999618,-0.7552870090634448
9,0.7777777777777778,271.25,0.0,0.0,-0.2171047530433367
8,1.0,-382.75,0.0,0.0,-0.100502512562803
18,0.8888888888888888,-40.5,0.0,-1.3125,-0.3617231173956084
16,0.75,160.75,0.0,0.4267500000000837,-0.9741500063669993
4,1.0,0.25,0.0,0.0,-0.20808561236624074
2,1.0,-7.5,0.0,0.0,-0.2945508100147249
12,1.0,-154.5,0.0,0.0,-0.2906038101388479
8,0.75,-197.0,0.0,-7.782500000000027,-1.326397919375811
14,0.8571428571428571,-20.0,-0.09499999999999886,3.206000000000131,0.4030957755562635
7,0.7142857142857143,110.0,0.0,-0.9917499999999109,-0.18161027779645691
22,0.7272727272727273,-155.0,-0.15249999999999986,-1.3017500000000837,-0.2575312930466666
6,0.6666666666666666,-103.25,0.0,0.0,0.20657391093019442
26,0.6923076923076923,69.5,0.0,0.0,1.220538720538717
12,0.5,225.5,-0.4125000000000014,-0.6807499999999891,0.04931270418541033
18,0.6666666666666666,-91.0,0.0,0.0,0.15362225097024682
36,1.0,-78.75,0.0,0.0,-0.08978675645342984
4,0.5,-1.0,0.0,0.0,-0.053340445392713154
6,0.3333333333333333,-66.25,0.0,0.0,-0.012045290291494698
22,0.6363636363636364,576.75,0.6199999999999974,1.9895000000001346,-0.7002625984744341
6,0.6666666666666666,110.75,0.0,0.5434999999999945,-0.0563475516988975
10,0.8,7.75,0.1075000000000017,2.1009999999998854,0.9318293281020035
20,0.3,-273.75,0.4825000000000017,4.505000000000109,-0.8248076770560683
36,0.4444444444444444,451.0,0.0,0.0,0.09433962264151302
14,0.5714285714285714,-137.75,0.17249999999999943,1.2272499999999127,-0.4117236566643417
8,0.75,-291.5,0.0,1.1114999999999782,-0.4971590909091062
2,0.0,280.25,0.0,-0.13899999999989632,0.10791068315763916
8,0.5,104.75,0.0,0.0,0.157598499061913
18,0.6666666666666666,-425.25,0.0,0.7334999999998217,-0.41324941191429526
6,1.0,230.75,-0.5900000000000034,-15.221250000000055,0.6709608158883378
18,1.0,183.75,0.0,0.8700000000001182,-0.2079002079001982
6,1.0,-7.25,0.0,1.621499999999969,0.3275420108231387
4,0.0,270.75,0.0,0.0,-0.9607301549177384
2,1.0,-130.0,0.0,0.43249999999989086,-1.5815548780487756
6,0.6666666666666666,-79.25,0.0,0.0,-0.2976387327204146
4,0.5,-673.0,0.0,-0.8537499999999909,0.6870059836005087
30,0.8,527.75,-0.030000000000001137,-0.12824999999998,0.162855397977891
6,1.0,-266.75,0.0,0.0,-0.2334869431643641
22,0.6363636363636364,-225.5,0.23999999999999844,-2.3335000000001855,1.0340632603406268
6,0.6666666666666666,-199.25,0.0,0.9092499999999291,0.9858247422680327
16,0.625,270.5,0.0,0.0,0.20972816003871386
12,1.0,69.0,0.0,0.4639999999999418,0.9718870262866031
36,0.6666666666666666,127.25,0.0,0.08699999999998909,-0.27024813692571115
20,0.6,135.25,0.007500000000000284,-3.111750000000029,-0.15904847520918117
6,0.8333333333333334,293.5,0.0,-5.738749999999982,0.18241042345276312
6,1.0,22.75,0.375,0.7374999999999545,-0.4963258991878329
5,1.0,30.5,0.0,-5.5815000000000055,0.013400335008388612
12,1.0,-10.25,0.0,0.20325000000002547,-0.2536783358701169
8,1.0,-356.5,0.0,-0.3125,0.3049429118502371
18,0.8888888888888888,-231.5,-0.05000000000000071,1.1900000000000546,-1.7483228298434672
6,1.0,31.5,0.0,0.6839999999999691,0.4542076141712825
16,0.625,34.25,0.0,0.09750000000008185,0.393353134783666
40,0.85,166.25,0.09750000000000014,1.6882499999999254,-0.14558395341313685
4,1.0,-72.5,0.0,0.07825000000002547,-0.5305187915340405
10,1.0,147.25,0.0,0.0,-0.6866228994759896
10,0.8,-65.75,0.0,-0.2259999999998854,-0.5172971225347707
22,0.9090909090909091,-182.25,0.0,0.06574999999997999,-0.09549274255156968
16,0.75,145.25,0.0,-1.01949999999988,-0.47118053314402025
28,0.9285714285714286,-1.75,0.0,0.0,-0.2906272705255548
28,0.42857142857142855,-278.25,0.28500000000000014,1.1287500000000819,0.3443641861246611
7,0.8571428571428571,-241.5,-0.16249999999999787,-0.8924999999999272,-0.24828487422411144
4,0.5,-208.75,0.0,0.0,-0.6514015001973957
6,0.6666666666666666,-44.25,0.0,-1.043999999999869,0.13679890560875455
10,0.8,-111.75,0.0,1.5767499999999472,0.2591203545857501
10,0.8,-267.75,0.0,-1.740000000000009,0.21993660650754057
16,1.0,-493.75,0.0,-3.1585000000000036,-1.4225343729539797
8,1.0,231.25,0.0,0.24324999999998909,-0.6332288401254056
2,0.0,106.75,0.0,1.5532499999999345,-0.7158875280317383
8,0.75,-48.5,0.0,0.0,-0.2983961208504292
6,0.8333333333333334,126.25,0.0,1.5199999999999818,0.3418031729652948
12,0.3333333333333333,231.75,0.0,-4.397500000000036,0.10893246187364057
12,0.8333333333333334,115.25,0.0,1.5425000000000182,-1.8677786465120385
22,0.9090909090909091,23.75,0.0,-0.38249999999993634,0.2544363256785123
4,1.0,-83.75,0.0,0.45749999999975444,-0.039075583342620346
9,0.8888888888888888,-68.75,0.0,0.0,0.015612802498046679
6,0.6666666666666666,5.25,0.0,0.3565000000000964,-0.128749839062687
6,0.5,17.0,0.0,0.643500000000131,0.2828546562228035
2,0.0,44.0,0.0,0.0,0.37439161362784673
12,0.5,-48.75,0.0,0.0,0.6116457347904145
22,0.5454545454545454,-48.75,0.05000000000000071,0.9264999999998054,0.23892548107968725
8,0.5,62.5,0.0,0.0,-2.2236834239942556
44,0.5909090909090909,26.0,0.0,0.0,0.4887647581566612
9,0.6666666666666666,26.25,0.0,0.0,-0.7084514085680907
7,1.0,119.25,0.0,0.0,0.01283202874375722
14,0.7142857142857143,-15.25,0.0,0.0,1.0080978350685827
14,0.5714285714285714,99.0,0.0,-0.40249999999991815,-0.015960418162954113
46,0.782608695652174,-82.0,0.0,0.3894999999999982,0.07480053191488538
20,0.7,-80.25,0.047500000000002984,-0.7110000000000127,-0.08332754669816761
70,0.6857142857142857,-125.5,0.0,0.0,-0.4421704251152876
4,1.0,116.75,0.0,0.0,0.14264366254584912
20,1.0,1170.75,0.12750000000000128,1.3302499999999782,-1.2877792378449449
24,0.75,-198.25,0.4450000000000003,0.7524999999998272,0.9123629363019928
8,0.75,56.5,0.0,0.0,2.191268897570923
10,0.8,-52.25,0.0,0.0,-0.5563282336578557
48,0.7083333333333334,-120.25,0.0,-0.25749999999993634,-0.639269406392679
18,0.8888888888888888,16.0,-0.047500000000002984,1.5017499999999018,-0.4362263168174965
10,0.8,92.5,-1.2449999999999974,-0.7525000000000546,-0.28282585148634903
12,0.6666666666666666,16.5,0.0,0.037500000000136424,-0.04069010416668025
52,0.7692307692307693,-70.0,0.0,0.0,-0.10400416016639522
6,0.3333333333333333,-40.75,0.0,-0.2992500000000291,1.2699816768812793
140,0.8,-88.75,0.0,-0.04500000000007276,-0.12324377618928888
26,0.6923076923076923,10.25,0.0,0.0,-0.16582690222590316
14,0.5714285714285714,485.5,0.0,0.0,0.5287464025165663
12,0.6666666666666666,1.0,0.0,0.0,-0.4663642752188274
14,0.8571428571428571,52.0,0.0,0.34600000000000364,0.049293460400914715
18,0.6111111111111112,-21.75,0.0,0.0,0.4285354171918227
16,0.625,256.75,0.0,0.5299999999999727,-0.9433406049171638
20,0.6,-216.0,0.0,-0.4202500000001237,0.3590406434008413
12,1.0,-40.5,0.0,0.6254999999998745,-0.10357327809424027
2,1.0,-7.0,0.0,0.0,0.18681811388431824
4,1.0,48.5,0.0,0.3569999999999709,0.37599033167718876
14,0.8571428571428571,-150.75,0.2525000000000013,0.5334999999997763,-1.4163186999209965
10,0.8,98.25,0.0,0.0,-0.6481986899563362
7,0.5714285714285714,-101.75,-0.017499999999998295,-1.5225000000000364,-0.1010032994411189
14,0.5714285714285714,16.25,0.0,0.75,-0.8656065657861033
12,0.3333333333333333,259.0,0.0,0.9770000000000891,0.18087855297157066
3,0.6666666666666666,-391.75,-0.017500000000001847,1.1024999999999636,-0.17685203379838377
58,0.6206896551724138,153.0,-0.16499999999999915,1.8910000000000764,-0.6654763837039609
26,0.7692307692307693,32.75,0.0,0.0,0.2839423148770848
24,0.5833333333333334,151.75,-0.09499999999999886,-2.8934999999999036,0.4661417322834692
10,0.4,-0.5,-0.14499999999999957,-0.44000000000005457,0.2932059981569958
34,0.7058823529411765,-432.25,0.0,7.3937499999999545,-0.17379679144384597
26,0.7692307692307693,122.0,0.0,-0.28549999999995634,-0.18800065391533355
40,0.7,-526.75,0.0,1.2699999999999818,-0.5409003911125864
64,0.71875,-52.25,0.0,0.024000000000114596,0.31152647975076225
14,0.5714285714285714,-190.0,0.19250000000000256,2.9880000000000564,0.045283995342212634
8,0.75,85.5,0.0,-0.8465000000001055,-0.11331444759205551
3,0.6666666666666666,-395.25,0.0,-0.1017500000000382,1.159207630227442
4,1.0,-127.25,0.0,0.0,1.889255289914802
8,0.5,244.5,0.0,0.0,-0.6306185428686485
7,0.8571428571428571,-4.25,0.0,0.0,-0.9166735486002238
4,0.5,-87.75,0.0,0.11499999999978172,-0.3886097152428977
4,1.0,362.5,0.0,-0.09400000000005093,1.1586387816075059
36,0.7777777777777778,153.0,0.0,0.5597499999998945,0.5319584254030749
16,1.0,68.25,0.0,0.0,-0.5506169563486928
22,1.0,-361.5,0.0,0.0,-0.09506305849547225
2,0.5,23.5,0.0,0.0,-0.29871615609507607
8,0.5,222.25,0.0,0.3792500000001837,-0.24710131153773138
5,1.0,93.25,0.0,3.2280000000000655,-0.4084967320261291
28,0.7142857142857143,175.0,0.0,0.0,0.30780780780782396
8,0.75,11.0,0.0,0.0,-0.25217603514194104
18,1.0,183.5,0.0,-0.4107500000000073,0.5225342913128627
3,0.6666666666666666,-187.75,0.0,2.2987499999999272,-0.28708133971290345
20,0.9,55.75,0.03249999999999886,0.23249999999984539,-0.8285576192777746
10,1.0,-219.75,0.0,-1.2774999999999181,0.0
4,1.0,33.5,0.0,-0.881249999999909,0.32014797951052565
6,0.8333333333333334,218.0,-0.2099999999999973,-0.9250000000001819,-0.08060724121719029
12,0.8333333333333334,168.75,0.0,0.5630000000001019,-0.813676337634587
20,1.0,-111.75,-0.13250000000000028,0.39924999999993815,-0.6552176012138813
46,0.8695652173913043,8.25,-0.4574999999999996,0.2247500000000855,-0.2314630058264748
18,0.7777777777777778,36.75,0.0,0.7397499999999582,1.1046133853151494
34,0.8823529411764706,124.25,0.4175000000000004,0.19900000000006912,-0.02713520113967546
12,0.6666666666666666,67.75,0.02499999999999858,-2.292500000000018,0.3080253080252926
9,0.6666666666666666,-154.5,0.0,0.0,-2.498941126641261
21,0.9047619047619048,-548.75,0.0,0.4832499999999982,0.6934229880226795
12,0.8333333333333334,62.25,0.0,0.0,0.39094011790257355
25,0.68,104.5,0.0,-0.035000000000081855,0.9080902586681412
4,1.0,106.75,0.0,0.25900000000001455,-0.1327800829875741
3,0.6666666666666666,-21.5,0.0,-1.1649999999999636,-0.09436505796711162
5,0.8,278.75,0.0,0.24874999999997272,0.1388797037232981
16,0.875,-21.75,0.0,0.0,-0.27999670592111253
12,1.0,203.5,0.0,-1.8855000000000928,0.9387381895763537
16,0.75,-336.5,0.054999999999999716,0.7574999999999363,0.2610526315789373
32,0.6875,-72.75,0.0,0.0,-0.11997600479906027
20,1.0,-475.5,0.0,-0.27500000000009095,1.197395140396339
2,1.0,210.0,0.0,-0.9414999999999054,-0.4334609322224871
28,0.7857142857142857,-82.0,0.0,1.7162499999999454,-1.7782011590061106
9,0.5555555555555556,-457.5,0.0,1.8949999999999818,0.4999666688887449
12,0.8333333333333334,-35.75,0.0,0.29749999999989996,-0.05447364837259376
8,0.75,142.0,0.0,0.6800000000000637,-0.7504690431519834
7,0.7142857142857143,34.25,0.0,0.8274999999998727,-0.586983164548804
2,1.0,87.5,0.0,0.0,-0.11017498379779875
22,0.7272727272727273,-67.75,0.0,-0.5019999999999527,1.7068207181776422
14,0.5714285714285714,-249.5,0.0,-0.45299999999997453,-0.3840760836432478
6,0.6666666666666666,-207.5,0.24749999999999872,0.9470000000001164,0.2551362964952347
18,0.7777777777777778,344.75,-0.6749999999999972,0.12400000000002365,-0.08911521323997885
9,0.7777777777777778,-261.0,0.47499999999999787,3.1299999999998818,-0.25316455696202783
20,0.7,-330.5,0.030000000000001137,0.3025000000000091,0.21279182879376438
78,0.8205128205128205,39.0,0.11249999999999716,0.19000000000005457,0.17245627001724487
14,0.8571428571428571,-201.5,0.0,-0.5967499999999291,-0.39277954203578036
18,0.6666666666666666,53.75,0.0,0.0,0.056744487678333566
8,1.0,120.75,0.0,-1.459250000000111,-0.33845137857024865
18,0.7777777777777778,0.0,-0.240000000000002,0.8757499999999254,0.054791184707179044
6,0.6666666666666666,172.75,0.0,0.0,-1.6178428761651125
3,0.6666666666666666,164.0,0.0,0.0,-0.044955365744020606
14,0.5714285714285714,-552.0,0.0,0.0,0.6079244743241117
8,1.0,68.25,0.0,0.0,0.108020523899544
10,1.0,142.25,0.0,0.5635000000002037,0.13668891211707282
14,0.8571428571428571,-18.75,0.0,2.1865000000000236,-0.2781191384774719
6,0.6666666666666666,-132.0,0.0,-1.8452499999998508,0.018359853121186598
20,0.3,-95.0,0.3425000000000047,-0.7264999999999873,0.11767782426778398
12,1.0,-99.5,0.0,0.0,-0.2103238988041486
6,1.0,-48.75,0.0,0.17399999999997817,0.28593554536247784
4,1.0,225.25,0.0,-8.605249999999842,0.29469548133595674
4,0.75,114.25,0.0,0.0,-0.27627859162168916
30,0.4666666666666667,-118.25,0.14500000000000313,1.4315000000001419,0.058658671706975356
4,1.0,2.0,0.0,-0.21000000000003638,0.5676559511322328
94,0.7446808510638298,351.25,0.0,-0.80600000000004,0.29975020815987075
12,0.6666666666666666,81.25,0.0,3.2999999999999545,0.2523530214158924
4,1.0,32.25,0.0,-1.1677500000000691,-0.4337411795170537
8,1.0,70.75,0.0,0.09149999999999636,0.04930271869278384
12,0.6666666666666666,133.75,0.08249999999999957,1.527749999999969,0.459987823851731
10,1.0,-29.75,0.0,0.0,1.282131858462697
22,0.7272727272727273,-12.25,0.0,-0.31674999999995634,0.07158196134573298
16,1.0,-324.25,0.0,1.6902500000001055,-0.9242025543931691
18,0.4444444444444444,-125.0,0.0,0.0,0.31409743179159355
10,0.8,76.25,0.0,0.6415000000001783,1.218393816323839
6,0.8333333333333334,-418.0,0.0,3.63675000000012,-0.6214876033058047
64,0.65625,518.25,-0.15249999999999986,0.9642499999999927,-0.13730716420323533
6,1.0,614.25,0.0,-0.2612500000000182,0.2669937941982836
2,0.0,149.0,0.0,0.0,0.21205448168988772
8,0.75,202.75,2.1200000000000045,-14.028250000000071,-0.12062726176114474
32,0.6875,-467.25,0.9725000000000001,-5.764499999999998,0.21576266107282277
6,0.8333333333333334,66.25,0.0,-4.037499999999909,0.07712577929173405
8,1.0,-147.5,0.0,0.0,0.0
8,1.0,92.25,0.0,0.9210000000000491,-0.5723134931322349
24,0.75,-80.75,-0.07000000000000028,-0.38600000000019463,-0.6396761133603074
8,0.75,142.5,0.0,-3.3064999999999145,-0.3745928338762164
4,0.5,44.75,-0.17999999999999972,0.8317500000000564,0.09779267951942357
16,0.875,-358.5,0.12999999999999545,-3.650000000000091,0.3444018454740453
2,1.0,-64.0,0.0,-0.9235000000001037,-0.3649225241410257
12,0.8333333333333334,-366.0,0.0,-1.7737500000000637,0.6329678167067938
24,0.5,381.5,-0.5699999999999967,2.087500000000091,0.02543720190778734
4,1.0,86.75,0.0,0.7437499999998636,-0.4405883549108772
16,0.75,76.0,0.0,0.0,0.2759752368165911
34,0.7058823529411765,-123.5,0.0,-0.16249999999990905,0.898257380681472
8,0.5,-60.5,0.0,0.0,-0.227090569062269
6,0.6666666666666666,-69.75,0.0,-0.7957499999997708,0.5505980634137035
16,0.875,-288.75,0.3200000000000003,-1.8914999999999509,1.065623118603254
48,0.7916666666666666,-500.25,0.0,0.1374999999998181,-0.3828635553501753
64,0.828125,34.25,0.0,0.0,-0.673154906731565
6,0.6666666666666666,-16.75,0.0,0.38000000000010914,-1.8527042577675492
12,0.6666666666666666,-20.25,-0.09500000000000242,-0.8759999999999764,0.15942272193319268
6,0.6666666666666666,145.25,0.0,-0.5625,0.8327957304557043
6,0.6666666666666666,-13.5,0.0,0.0,-0.8550662676357426
66,0.8787878787878788,-152.5,0.0,-0.3089999999999691,-1.3820415420673962
2,1.0,-182.25,0.0,0.0,-2.2737348787130167
8,0.75,36.5,0.0,0.0,0.3380916604057228
9,0.7777777777777778,134.5,0.1599999999999966,2.5437500000000455,0.6127856906260227
2,1.0,184.0,0.0,-1.3622499999999036,0.2936215405759934
4,1.0,97.0,0.0,-0.22250000000008185,-0.9428980915742426
16,0.625,110.75,0.0,-0.3602499999999509,0.073903760880286
22,0.8181818181818182,34.5,0.0,0.0,0.42122316727420767
28,0.7142857142857143,-13.0,0.0,0.0,-0.12098400322624168
94,0.7872340425531915,-387.75,0.0,-0.1097500000000764,-0.16615435739802292
6,0.6666666666666666,58.25,0.0,0.0,-0.6030883425011669
18,0.5555555555555556,-190.0,0.42249999999999943,0.37449999999989814,-0.49050522037698097
4,0.5,-216.5,0.0,-0.3350000000000364,-1.6742666575920475
2,1.0,-13.75,0.0,-0.4667500000000473,-0.479305654511293
2,1.0,194.0,0.0,-0.5180000000000291,0.9530335118973522
20,0.3,-462.75,0.04999999999999716,3.673999999999978,0.5586263671645209
22,0.9090909090909091,19.5,0.0,-1.01825000000008,1.7320534223706123
32,0.375,102.25,0.0,0.0,0.5495818399044131
8,0.875,187.0,0.0,4.430000000000064,-0.4711425206124915
7,0.42857142857142855,-19.25,0.0,0.0,-0.6205173664275783
34,0.7647058823529411,-158.75,-0.03999999999999915,0.33324999999990723,-0.013078733978549436
3,0.6666666666666666,-486.5,0.0,0.0,0.1618646811265747
10,0.6,-120.0,0.0,0.0,0.07562736335511179
82,0.7073170731707317,104.25,0.0,0.05899999999996908,-0.3701875616979227
12,0.6666666666666666,39.75,0.0,0.0,0.7122786381755153
20,0.7,-5.25,0.0,0.0,0.45099218280216513
12,0.8333333333333334,250.75,-0.0224999999999973,2.0674999999998818,0.8828145435521886
6,0.6666666666666666,44.5,0.0,0.0,0.6182795698924797
12,0.6666666666666666,-56.75,0.0,0.18000000000006366,-0.13250617358307282
10,0.8,-149.75,0.0,0.0,0.8673261959615072
4,0.5,179.25,0.0,2.401499999999942,0.7132479196935624
22,0.6363636363636364,-44.0,0.0,1.0149999999998727,1.019385026737967
14,0.5714285714285714,-202.5,0.6000000000000014,4.580500000000029,0.2396100140461146
6,0.3333333333333333,-201.0,0.0,0.0,0.2619911326078204
20,0.7,-62.5,0.0,0.0,0.7779394092720244
6,1.0,-187.25,0.0,0.0,-0.26285421207848536
6,0.6666666666666666,82.0,0.0,0.0,-0.02001334222816471
10,0.6,-62.5,0.0,0.1994999999999436,0.142008778724516
20,0.7,22.25,0.0,0.0,0.08316008316009248
26,0.9230769230769231,-48.25,0.0,-0.8557499999999436,0.37716217973728877
5,1.0,-79.0,0.0,0.049999999999954525,0.1214902807775394
16,0.75,-156.25,0.0,0.5750000000000455,-1.5677186285870024
12,0.75,231.0,0.0,0.2312499999998181,0.81476674598025
12,0.5,-184.25,0.0,2.25,0.07087172218284124
8,1.0,-105.5,0.0,0.0,-0.039543926711918136
6,0.6666666666666666,-86.0,0.0,-0.4592499999998836,-0.15665796344647243
18,0.7777777777777778,170.0,0.0,-1.0950000000000273,0.03217244430145226
16,0.875,-4.75,0.0,0.0,-0.23479880171645232
14,0.8571428571428571,151.0,0.0,-0.8714999999999691,-0.576569726921378
4,1.0,-31.0,0.0,0.43000000000006366,-0.7876654935478528
2,1.0,-19.0,0.0,0.0,-0.07499318243796706
12,0.5,109.5,0.0,0.0,0.10762218283109867
8,1.0,94.0,-0.23249999999999815,0.2625000000000455,-1.4091218515997237
14,0.7142857142857143,-204.0,0.41499999999999915,-0.049999999999954525,-0.8070516856505066
8,1.0,-131.25,0.0,0.0,-0.044526901669770386
16,0.625,-35.5,0.0,0.0,0.626082323165051
4,0.5,56.5,0.0,0.9407500000002074,0.19695895375405098
7,0.8571428571428571,359.75,0.0,1.5699999999999363,0.24880640172148874
12,0.6666666666666666,421.75,-0.32750000000000057,0.6740000000002055,0.9672848253342399
8,0.5,242.5,-0.1424999999999983,0.2932499999999436,-0.17784552845527907
12,1.0,462.5,-0.13000000000000256,-2.1700000000000728,0.24956672443674507
8,1.0,3.75,0.0,0.5399999999999636,1.3214670981661165
2,1.0,-33.25,0.0,3.412499999999909,0.23738872403561145
83,0.7469879518072289,78.5,0.0,0.0,-0.06532211970277717
8,0.75,361.0,0.0,0.9232499999998254,-0.651002693804245
26,0.6923076923076923,-99.0,0.0,-0.0284999999998945,0.1332778009163072
8,1.0,233.0,0.0,-0.22699999999986176,-0.566452485627319
14,0.8571428571428571,73.5,0.0,0.09850000000005821,-1.0239458195597966
40,0.9,88.0,0.0,-0.9217499999999745,0.03343922420999464
10,0.7,-69.25,0.0,0.0,0.10345273503168537
2,0.0,156.25,0.0,0.0,-0.2456636641107945
8,1.0,274.0,0.0,-0.39000000000010004,0.3558424362793753
8,0.75,130.0,-0.07499999999999929,-1.634999999999991,-0.2575710271620419
4,0.75,-6.5,0.19750000000000156,1.1312500000001364,0.836877486623694
12,0.8333333333333334,187.75,0.0,-1.1625000000001364,-0.5916686655472817
6,0.6666666666666666,-117.0,0.0,0.0,-0.6121954176263789
4,1.0,64.0,0.0,-1.0505000000000564,0.12741896949908782
14,0.8571428571428571,-51.25,0.0,-0.08149999999977808,-0.3332387975042646
14,0.7142857142857143,-140.0,1.7574999999999967,5.232500000000073,0.4990450372743513
6,0.6666666666666666,345.0,0.0,0.23099999999999454,-0.10812185969598899
3,0.6666666666666666,50.25,0.0,-5.8937499999999545,0.21656385352407523
1,1.0,103.5,0.0,-1.8872499999999945,-0.08524031211068643
14,0.5714285714285714,-1.25,-0.375,-0.003250000000207365,-0.9279538904899137
30,0.8,186.0,0.0,0.0,0.11493518932379948
3,0.3333333333333333,314.25,0.0,1.290000000000191,-0.36892943386101823
46,0.8260869565217391,-386.5,0.0,0.0,-0.11368250101502783
8,0.75,132.0,-0.08000000000000185,-1.7955000000001746,0.884448969203361
8,0.75,-57.25,0.0,1.3567499999996926,1.1635300101729389
53,0.7547169811320755,103.75,0.0,0.0,-0.26145926954817317
14,0.8571428571428571,177.25,-0.5824999999999996,-0.6407500000000255,0.4541154210028302
44,0.5454545454545454,-148.5,0.0,-0.5485000000001037,-0.7339748817484829
12,0.8333333333333334,-21.0,0.0,-0.07324999999991633,0.3436426116838577
8,0.75,292.75,-0.4200000000000017,2.3082500000000437,-0.48089091369273923
2,0.5,255.75,0.0,-5.849999999999909,0.3890798262110113
34,0.7058823529411765,24.5,-0.4825000000000017,-1.9657499999998436,-0.3342684892258
10,0.9,147.75,-0.0625,-0.7024999999998727,0.5704284695663395
38,0.7894736842105263,43.0,0.0,1.4137499999999363,0.13839140345162915
2,0.0,44.75,0.0,1.1079999999999472,-0.29449659488313007
8,1.0,38.75,0.0,0.0,-2.5228519195612495
8,0.75,95.0,0.0,0.2927500000000691,1.4035653787206468
22,0.8181818181818182,-33.25,-0.01249999999999929,1.2149999999999181,-0.25600000000000733
10,0.4,117.25,-0.0799999999999983,2.930749999999989,-0.11516834902784599
7,0.42857142857142855,141.0,0.0,25.64949999999999,0.05167291047667691
18,0.6666666666666666,267.75,-0.33999999999999986,-0.49749999999994543,0.6316812439261533
4,0.75,-39.25,-0.15500000000000114,-2.1937500000001364,0.18834925332972496
12,0.6666666666666666,-167.0,0.0,0.0,1.5580027530972436
12,0.8333333333333334,43.5,0.0,-0.6525000000001455,-0.5452912496792374
90,0.6888888888888889,236.25,0.0,0.46725000000014916,-0.07820442637054133
8,1.0,69.0,0.0,0.0,-0.1700217627856329
24,0.75,-65.5,0.0,-0.7765000000001692,0.7504329420819874
6,1.0,89.5,0.0,0.0,0.7154752359217671
8,0.5,253.0,0.0,1.415000000000191,0.7903494176372766
20,0.7,-24.25,-0.0625,0.7784999999998945,1.420103729315875
6,0.6666666666666666,173.25,0.0,0.6765000000000327,0.8235511031897153
10,0.9,124.75,-0.24749999999999872,-0.8005000000000564,-0.5534325998155201
14,0.5714285714285714,39.25,-0.254999999999999,1.1100000000001273,-0.2359086696436208
16,0.875,103.75,0.0,0.0,0.2841459476913259
5,0.6,-3.75,0.09249999999999758,0.27749999999991815,2.843145831510802
8,0.75,61.75,0.0,0.0,0.947473404255307
4,0.5,-47.25,0.0,0.0,0.0
8,1.0,-392.25,0.0,0.6140000000000327,0.8521988030184825
2,1.0,-55.75,0.0,0.0,0.15546055188495644
22,0.7727272727272727,-126.25,0.0,0.7212500000000546,1.3976002181619676
20,0.6,-17.0,-0.03999999999999915,0.8875000000000455,-0.06619228859838937
14,0.5714285714285714,-93.5,0.0,0.0,-3.0320080020004996
6,0.3333333333333333,147.5,0.0,0.0,0.5588027490526001
44,0.8181818181818182,199.0,0.0,0.0,0.26918998286973495
6,0.6666666666666666,-135.5,0.0,-2.4400000000000546,0.04985976939857488
7,0.8571428571428571,0.25,0.0,0.7100000000000364,-0.6405181720043115
14,0.7142857142857143,123.0,-0.11499999999999844,0.0062499999999090505,-0.17283950617283877
8,0.75,72.75,0.0,-0.6159999999999854,-0.2836169502836043
9,0.7777777777777778,175.0,0.0,-0.8200000000001637,0.02578150177248972
12,0.5,-159.75,0.0,0.0,0.030315891590368335
60,0.7666666666666667,425.5,0.0,0.0,-0.48497317951356905
6,0.3333333333333333,24.25,0.0,-1.25,-0.0334963488979813
12,0.8333333333333334,181.75,0.0,-9.016500000000178,0.22853411687886985
6,0.6666666666666666,-99.25,0.0,-0.8132500000001528,0.08724480893387174
12,0.6666666666666666,14.5,0.0,1.3184999999998581,-1.1030400860909315
6,0.3333333333333333,-35.75,0.0,1.3690000000001419,0.20438644760633265
8,0.25,121.5,-0.11749999999999972,-0.8317500000000564,-0.0976843073033405
96,0.625,44.0,-0.16499999999999915,1.1714999999999236,-0.5147058823529389
8,0.75,-262.25,0.0,-0.22199999999998,-0.024752475247522027
7,0.2857142857142857,-58.75,0.17999999999999972,2.759999999999991,-0.060273238682018546
14,0.5714285714285714,44.0,0.399999999999995,-0.19349999999985812,-0.1010228564212682
10,0.6,359.25,-0.4599999999999973,1.042000000000371,-0.3656537637120039
36,0.7222222222222222,-78.5,0.0,0.0,-0.5369928400954559
14,0.7142857142857143,-187.0,0.0,0.0,0.17992545945252125
3,1.0,13.75,0.0,0.3450000000000273,-0.29198027511030034
14,0.7142857142857143,-30.5,0.0,0.0,-0.3706699016039938
48,0.75,-70.5,0.0,0.6224999999999454,-0.24669743752985063
2,1.0,24.5,0.0,0.0,0.26361512192199144
12,0.3333333333333333,-281.0,0.0,0.0,0.17845670640302283
32,0.5,-223.25,0.0,4.614499999999907,0.9869057601754415
4,1.0,48.75,0.0,1.1567500000001019,-0.32068062827225957
6,1.0,-153.75,0.0,-1.2390000000000327,-0.44816450273513075
22,0.6363636363636364,-44.25,0.0,-0.7007499999999709,1.5321943211528006
7,0.5714285714285714,251.5,-0.04499999999999815,-6.4249999999999545,1.1730205278592416
6,1.0,118.75,0.0,0.0,0.36031227063456955
10,0.8,-19.5,0.0,0.0,1.910093858060276
2,0.0,152.5,0.0,0.0,-0.5092761004001433
4,0.5,-31.5,0.0,-2.855000000000018,-0.6993626062322963
78,0.7692307692307693,157.5,0.15749999999999886,2.0299999999999727,-0.19439494573138957
10,0.6,72.5,0.0,0.0,0.5854729523693526
46,0.7391304347826086,-363.75,0.0,0.0,-0.06343567622431565
16,0.625,462.75,0.0,0.0,0.4593874833555345
18,0.6666666666666666,187.25,0.10999999999999943,-3.386500000000069,0.7360873151849772
4,0.75,-17.0,0.0,0.02924999999981992,0.04732607666825401
6,1.0,-73.5,0.0,0.6337499999999636,0.1190374968115014
14,0.7142857142857143,-523.5,-0.017499999999998295,-0.35674999999991996,-0.4915155061439416
2,1.0,210.25,-0.35249999999999915,0.8949999999999818,0.6224911280470028
6,0.6666666666666666,120.75,0.0,-0.4652499999999691,-0.2530824140168587
6,0.6666666666666666,-10.5,0.0,2.705500000000029,0.22037218413320567
14,0.8571428571428571,-45.25,0.0,0.0,-0.22180633534344424
8,0.75,127.0,0.0,0.8440000000000509,-0.039426994348807726
4,0.5,16.5,-0.027499999999999858,-2.1142500000000837,0.26333113890717336
2,1.0,82.75,0.0,0.4442500000000109,0.18943878759175609
7,0.8571428571428571,-107.25,0.0,0.0,0.2835416935172032
4,0.5,-356.0,0.0,6.164999999999964,0.0
8,0.5,8.75,0.0,0.0,0.4541204754908453
6,1.0,114.5,0.0,-0.8949999999999818,0.23670793882008934
2,0.5,-51.0,0.0,0.6672499999999673,-0.09480598632084011
8,0.875,-205.25,0.0024999999999977263,0.4175000000000182,1.1156462585033842
10,0.4,89.5,0.0,0.0,0.5486968449931345
2,0.0,24.5,0.0,0.0,0.6713940856970358
28,0.9285714285714286,-19.0,0.0,-1.3084999999998672,0.13932142271757192
8,0.25,141.25,0.0,0.0,0.013071041108422846
4,0.5,49.75,0.0,-5.747749999999996,-0.22814601344860866
4,1.0,33.0,0.0,-0.09999999999990905,-0.5063073886552834
18,0.8888888888888888,-181.75,0.3149999999999977,-6.162499999999909,-0.5677357009119921
10,0.6,268.75,0.0,0.0,0.979606925020025
18,0.5555555555555556,-61.75,0.0,0.7377500000000055,-1.8470453310798551
32,0.625,635.75,-0.05250000000000199,-0.5702499999999873,-0.00831047951466708
16,0.75,-237.25,0.4200000000000017,-5.389249999999947,0.18614146751530447
6,0.3333333333333333,-50.5,0.0,-1.353249999999889,-0.4076193462412692
4,1.0,169.25,0.0,0.0,1.2079437657817544
6,1.0,-204.5,0.9949999999999974,1.662499999999909,0.20400156924281784
8,0.875,-265.5,0.4125000000000014,0.7262499999999363,1.1559725247110098
6,0.6666666666666666,-18.0,0.0,0.0,-0.05451076587625456
8,0.5,180.75,0.0,0.0,0.1083630800611955
10,0.8,24.75,-0.1374999999999993,-0.7609999999999673,-0.16427104722792102
6,0.6666666666666666,46.25,0.0,0.0,-0.022388059701473503
18,0.6666666666666666,-237.5,0.0,0.8464999999998781,0.5076748491906904
14,0.5714285714285714,98.0,0.0,-1.5607500000000982,1.0095780481491108
7,1.0,4.25,0.0,3.505000000000109,-0.3694418788758444
138,0.8260869565217391,367.0,0.0,-0.25050000000010186,0.1174444096460879
10,1.0,119.25,0.0,0.13750000000004547,0.007996161842314808
7,0.7142857142857143,68.25,0.0,0.0,-0.012830382345406722
4,1.0,-56.5,0.0,0.32674999999994725,1.3712374581939626
8,0.25,-68.5,0.0,0.0,-0.2672804217090969
24,1.0,-3.5,0.0,0.11800000000016553,2.5931928687196133
2,1.0,-39.0,0.0,0.0,0.6693775414451005
12,0.6666666666666666,127.75,0.0,-0.9825000000000728,0.9296148738379878
10,0.7,177.25,0.0,-3.3824999999999363,-0.4092586380409255
20,0.8,30.25,-0.19000000000000128,0.7809999999999491,-0.36783146630997815
14,0.8571428571428571,-281.5,0.0,0.0,-0.4151204478269175
8,0.625,-210.25,0.0,0.0,0.07718530906284748
4,0.5,-212.0,0.0,0.0,-0.025711898180880374
6,0.3333333333333333,47.75,0.0,-0.3975000000000364,-0.8868755184074538
2,1.0,80.5,0.0,0.0,0.28181937344343755
4,0.5,10.5,0.0,-1.037499999999909,-0.1317957166391947
10,0.8,-133.25,0.0,-0.4214999999999236,0.10486989578552951
20,0.6,546.0,0.0,1.2474999999999454,-1.3556039699830669
126,0.8095238095238095,305.0,0.0,0.0,-0.1529421234806418
12,0.8333333333333334,-268.75,0.25,-0.8724999999999454,-0.09124087591241713
4,0.5,98.75,0.0,0.32024999999998727,1.958863858961804
26,0.6153846153846154,-213.0,0.0,0.0,0.547341931424958
24,0.6666666666666666,-141.0,-0.23000000000000043,3.1699999999998454,0.28486163863266284
8,0.5,-10.0,0.0,0.0,-0.9692094679237921
2,1.0,107.25,0.0,0.0,-0.057666431729345866
12,0.6666666666666666,-8.5,0.0,0.0,-0.5208333333333199
12,0.8333333333333334,-214.25,0.0,2.4152500000000146,0.535640708693875
6,0.3333333333333333,72.5,0.0,-0.07324999999991633,1.5933832025786048
12,0.6666666666666666,-187.25,0.0,0.22000000000002728,0.24448169879853568
34,0.8823529411764706,-184.5,0.0074999999999967315,1.2590000000000146,0.006518055012398061
6,0.6666666666666666,213.5,0.0,0.0,-0.283854887842687
14,0.7142857142857143,-298.5,0.0,0.7104999999999109,-0.7073668111139363
23,0.782608695652174,6.25,0.0,0.0,1.318466672092455
14,0.6428571428571429,-431.25,0.0,0.0,0.22427271562218612
14,0.8571428571428571,-58.0,0.8999999999999986,-1.7382500000001073,1.81242171959036
2,0.5,121.0,0.0,0.0,0.21017769568816372
6,0.6666666666666666,82.0,0.0,0.712500000000091,-0.36011080332409084
18,0.8888888888888888,-37.0,0.0,0.0,-0.1199310396521868
2,0.0,-83.0,0.0,0.2207499999999527,-0.8839463929284203
44,0.5,-58.5,0.0,0.0,0.37488880416825626
6,0.3333333333333333,-111.5,0.0,3.2799999999999727,-0.07056609691076532
13,0.7692307692307693,79.25,0.0,0.8312499999999545,-0.13232764324467391
9,0.7777777777777778,982.0,-0.8049999999999997,-10.903749999999945,0.655629139072849
58,0.8275862068965517,-13.25,0.0,-0.5599999999999454,-0.36988328127568215
10,0.8,-72.5,0.0,0.0,0.30444358077470696
8,0.75,115.0,0.0,0.0,0.3957698047103091
6,1.0,-18.25,0.0,0.0,0.5179162902740237
4,0.75,111.0,0.0,0.8524999999999636,0.20967196482922576
2,1.0,84.5,0.0,0.0,0.22313127556713377
10,0.8,-83.5,0.0,0.0,-0.3940627873374495
88,0.7727272727272727,-94.75,0.0,0.0,-0.18641595072134615
4,1.0,75.25,0.0,0.3975000000000364,0.6493123192255416
12,0.8333333333333334,-55.25,0.0,0.2652499999999236,-0.5991464215364299
16,0.625,-152.5,0.0,5.615000000000009,-0.3883755189500487
17,0.7647058823529411,-177.75,0.0,0.0,0.06427561383210502
2,0.0,25.0,0.0,0.0,-0.4126361361022793
28,0.8214285714285714,134.25,0.0,0.0,0.2058672156459
4,0.5,-51.25,0.0,0.0,0.3739281800012912
12,1.0,-58.5,0.0,0.0,-0.24275118004046173
23,0.782608695652174,-198.75,0.0,-0.8824999999999363,-0.046293234574427806
5,0.6,54.0,0.0,0.0,-1.1616329239960181
6,1.0,30.0,0.0,1.4874999999999545,0.443507343318307
12,0.6666666666666666,90.5,-0.317499999999999,0.35149999999998727,-1.528355007373638
50,0.6,-96.0,0.14250000000000185,-0.94399999999996,-0.2623380882111897
8,0.5,-91.5,0.0,0.005499999999983629,0.07850715622924566
4,0.5,-113.5,0.0,0.03249999999979991,0.11644297358583151
22,0.6363636363636364,-87.0,0.0,-0.7200000000000273,0.6482254027340991
8,0.75,108.5,-0.08250000000000313,7.712249999999813,2.2259098191806
78,0.7435897435897436,599.0,-0.16750000000000043,-0.5422499999999673,-0.14960106382978922
16,0.875,-79.5,0.19750000000000156,4.2849999999998545,0.10211896859840591
10,0.4,-48.0,0.0,1.302500000000009,-0.22850427629430287
14,0.7142857142857143,456.0,0.0,-0.3277499999999236,-0.18971732119143195
42,0.7619047619047619,10.0,0.0,-0.8565000000000964,-0.3548959509598469
6,1.0,-49.75,0.0,0.0,-3.4725194106498725
15,0.8,-279.0,0.0,0.0,0.5121972393436944
2,1.0,-62.5,0.0,0.0,-0.14894250819183807
6,1.0,-111.0,0.0,0.7050000000001546,0.07390983000738284
18,0.8888888888888888,-83.25,0.0,1.25649999999996,-0.060435132957270946
2,0.5,123.25,0.0,-1.74799999999982,-0.027036160865169176
8,0.5,-273.5,0.0,-0.290000000000191,0.38014783526926077
2,1.0,38.25,0.0,0.0,0.0060233706782175
20,1.0,32.25,0.0,0.22649999999998727,0.8373983739837378
12,0.8333333333333334,-71.75,0.0,-0.43249999999989086,0.6707317073170745
28,0.7142857142857143,-454.75,0.0,-0.3975000000000364,-0.46269989447195703
8,1.0,-334.75,0.0,0.0,0.7390888818094827
12,0.8333333333333334,-303.25,-0.05249999999999844,-1.4349999999999454,0.2300701714022779
22,0.6363636363636364,-563.75,0.2575000000000003,-4.057499999999891,-0.24792066538706659
6,0.6666666666666666,125.5,0.0,0.5805000000000291,-0.006035731530660851
26,0.7692307692307693,58.5,0.0,3.214999999999918,0.5302583957579305
4,1.0,-76.75,0.17999999999999972,-0.03899999999998727,-0.07435446802758557
4,0.5,-147.75,0.4574999999999996,0.5225000000000364,0.06702412868633323
16,0.375,-346.25,1.0199999999999996,9.262500000000045,0.05989561050739479
4,1.0,158.25,0.0,0.0,0.1953283958655636
8,0.75,105.0,0.0,0.0,0.16109285392099662
5,0.8,136.5,0.0,0.0,-0.05143702179643232
4,1.0,28.0,0.0,0.0,-1.292813969106771
32,0.625,-536.0,0.0,0.35674999999991996,0.9656084656084767
14,0.8571428571428571,-57.75,0.0,-0.006499999999959982,-0.19116803670427027
10,1.0,-73.25,0.0,0.0,0.3971405877680555
8,1.0,-40.25,0.0,0.0,-0.006635700066371004
6,0.6666666666666666,7.0,0.0,0.0,0.4795690448035793
